{"cameraMode":{"drawMode":0,"name":"Shaded","section":"Shading Mode"},"sceneLighting":false,"audioPlay":false,"sceneViewState":{"showFog":true,"showMaterialUpdate":false,"showSkybox":false,"showFlares":true,"showImageEffects":true,"showParticleSystems":true},"in2DMode":false,"pivot":{"x":34.829551696777347,"y":254.6123504638672,"z":-679.2899169921875},"rotation":{"x":-0.205807626247406,"y":0.013794922269880772,"z":-0.0029016020707786085,"w":-0.9784910082817078},"size":47.93001937866211,"orthographic":false}