{"cameraMode":{"drawMode":0,"name":"Shaded","section":"Shading Mode"},"sceneLighting":false,"audioPlay":false,"sceneViewState":{"showFog":true,"showMaterialUpdate":false,"showSkybox":false,"showFlares":true,"showImageEffects":true,"showParticleSystems":true},"in2DMode":false,"pivot":{"x":47.96670913696289,"y":181.20545959472657,"z":220.3170928955078},"rotation":{"x":-0.23944540321826936,"y":0.010774138383567334,"z":-0.0026573820505291225,"w":-0.9708461165428162},"size":2.616018533706665,"orthographic":false}