{"cameraMode":{"drawMode":0,"name":"Shaded","section":"Shading Mode"},"sceneLighting":false,"audioPlay":false,"sceneViewState":{"showFog":true,"showMaterialUpdate":false,"showSkybox":false,"showFlares":true,"showImageEffects":true,"showParticleSystems":true},"in2DMode":false,"pivot":{"x":24.662342071533204,"y":58.017059326171878,"z":-228.62875366210938},"rotation":{"x":-0.205807626247406,"y":0.013794922269880772,"z":-0.0029016020707786085,"w":-0.9784910082817078},"size":37.72077560424805,"orthographic":false}