{"cameraMode":{"drawMode":0,"name":"Shaded","section":"Shading Mode"},"sceneLighting":false,"audioPlay":false,"sceneViewState":{"showFog":true,"showMaterialUpdate":false,"showSkybox":false,"showFlares":true,"showImageEffects":true,"showParticleSystems":true},"in2DMode":false,"pivot":{"x":35.9083251953125,"y":185.21246337890626,"z":247.56182861328126},"rotation":{"x":-0.205807626247406,"y":0.013794922269880772,"z":-0.0029016020707786085,"w":-0.9784910082817078},"size":4.477292060852051,"orthographic":false}