{"cameraMode":{"drawMode":0,"name":"Shaded","section":"Shading Mode"},"sceneLighting":false,"audioPlay":false,"sceneViewState":{"showFog":true,"showMaterialUpdate":false,"showSkybox":false,"showFlares":true,"showImageEffects":true,"showParticleSystems":true},"in2DMode":false,"pivot":{"x":37.23394775390625,"y":190.18496704101563,"z":255.78562927246095},"rotation":{"x":-0.205807626247406,"y":0.013794922269880772,"z":-0.0029016020707786085,"w":-0.9784910082817078},"size":7.494563579559326,"orthographic":false}