{"cameraMode":{"drawMode":0,"name":"Shaded","section":"Shading Mode"},"sceneLighting":true,"audioPlay":false,"sceneViewState":{"showFog":true,"showMaterialUpdate":false,"showSkybox":true,"showFlares":true,"showImageEffects":true,"showParticleSystems":true},"in2DMode":false,"pivot":{"x":23.961105346679689,"y":186.5305633544922,"z":246.64208984375},"rotation":{"x":0.07773981243371964,"y":-0.7372486591339111,"z":0.08629651367664337,"w":0.6656951308250427},"size":3.889479398727417,"orthographic":false}