{"cameraMode":{"drawMode":0,"name":"Shaded","section":"Shading Mode"},"sceneLighting":false,"audioPlay":false,"sceneViewState":{"showFog":true,"showMaterialUpdate":false,"showSkybox":false,"showFlares":true,"showImageEffects":true,"showParticleSystems":true},"in2DMode":false,"pivot":{"x":34.4260139465332,"y":153.9130859375,"z":228.658447265625},"rotation":{"x":0.258663535118103,"y":-0.00032038308563642204,"z":0.0009816867532208562,"w":0.9661303162574768},"size":2.965675115585327,"orthographic":false}