{"cameraMode":{"drawMode":0,"name":"Shaded","section":"Shading Mode"},"sceneLighting":false,"audioPlay":false,"sceneViewState":{"showFog":true,"showMaterialUpdate":false,"showSkybox":false,"showFlares":true,"showImageEffects":true,"showParticleSystems":true},"in2DMode":false,"pivot":{"x":32.24030303955078,"y":58.14596176147461,"z":-224.20285034179688},"rotation":{"x":0.24234585464000703,"y":0.19409294426441194,"z":-0.04940629377961159,"w":0.9493874311447144},"size":1.7245874404907227,"orthographic":false}