{"cameraMode":{"drawMode":0,"name":"Shaded","section":"Shading Mode"},"sceneLighting":false,"audioPlay":false,"sceneViewState":{"showFog":true,"showMaterialUpdate":false,"showSkybox":false,"showFlares":true,"showImageEffects":true,"showParticleSystems":true},"in2DMode":false,"pivot":{"x":47.373985290527347,"y":179.2113800048828,"z":224.9710693359375},"rotation":{"x":-0.09470061957836151,"y":-0.20778344571590424,"z":-0.019949058070778848,"w":0.9736631512641907},"size":2.6043732166290285,"orthographic":false}