{"cameraMode":{"drawMode":0,"name":"Shaded","section":"Shading Mode"},"sceneLighting":false,"audioPlay":false,"sceneViewState":{"showFog":true,"showMaterialUpdate":false,"showSkybox":false,"showFlares":true,"showImageEffects":true,"showParticleSystems":true},"in2DMode":false,"pivot":{"x":35.9083251953125,"y":185.21246337890626,"z":247.56182861328126},"rotation":{"x":-0.043550025671720508,"y":-0.6676990389823914,"z":0.037676721811294559,"w":-0.7424828410148621},"size":4.477292060852051,"orthographic":false}