{"cameraMode":{"drawMode":0,"name":"Shaded","section":"Shading Mode"},"sceneLighting":false,"audioPlay":false,"sceneViewState":{"showFog":true,"showMaterialUpdate":false,"showSkybox":false,"showFlares":true,"showImageEffects":true,"showParticleSystems":true},"in2DMode":false,"pivot":{"x":29.413007736206056,"y":153.1723175048828,"z":229.28306579589845},"rotation":{"x":0.258663535118103,"y":-0.00032038308563642204,"z":0.0009816867532208562,"w":0.9661303162574768},"size":1.4828357696533204,"orthographic":false}