{"cameraMode":{"drawMode":0,"name":"Shaded","section":"Shading Mode"},"sceneLighting":true,"audioPlay":false,"sceneViewState":{"showFog":true,"showMaterialUpdate":false,"showSkybox":true,"showFlares":true,"showImageEffects":true,"showParticleSystems":true},"in2DMode":false,"pivot":{"x":14.701936721801758,"y":141.09979248046876,"z":125.28123474121094},"rotation":{"x":0.16883650422096253,"y":0.19801023602485658,"z":-0.034281279891729358,"w":0.9652280211448669},"size":37.72077560424805,"orthographic":false}